,albania-education-strategy-2004-2015.pdf,armenia_educational_national_plan.pdf
republ,4,20
of,15,7
albania,8,0
ministri,8,7
educ,224,585
and,25,5
scienc,4,18
nation,80,62
strategi,25,1
decemb,1,2
content,22,12
acronym,2,0
use,41,2
in,24,28
this,44,0
report,46,3
introduct,2,38
part,39,17
a,92,4
prioriti,11,5
develop,303,109
issu,21,11
for,10,2
pre,54,30
univers,62,13
govern,52,35
reform,44,11
strengthen,19,4
manag,66,34
capac,54,1
central,53,4
offic,25,2
decentr,30,4
school,228,194
autonomi,12,7
inform,34,15
system,86,95
qualiti,66,15
assur,10,0
improv,25,39
the,138,111
teach,49,3
learn,41,9
process,85,18
curriculum,87,4
framework,23,3
ration,11,11
subject,46,15
articul,6,0
vertic,7,0
horizont,4,2
integr,16,14
structur,20,23
student,48,44
choic,9,0
inclus,7,1
vocat,75,3
teacher,144,31
better,16,0
forecast,3,0
demand,35,10
centr,7,0
train,115,46
condit,14,30
employ,11,7
merit,6,0
base,39,9
incent,6,0
scheme,8,0
registr,7,0
servic,54,15
profession,20,98
network,7,3
textbook,69,21
select,7,2
instruct,7,0
design,27,1
coordin,6,6
suppli,18,0
altern,35,0
privat,27,0
cost,60,0
recoveri,10,0
resourc,55,9
examin,19,0
monitor,44,0
intern,26,30
benchmark,14,0
financ,25,0
composit,4,1
instrument,5,1
transfer,17,13
fund,81,68
block,9,0
grant,12,5
local,54,17
recurr,5,0
expenditur,14,2
moe,117,0
account,28,2
transpar,21,0
budget,29,26
plan,43,60
increas,45,26
effici,17,11
sub,17,2
sector,69,9
communic,4,2
share,19,6
non,9,22
public,40,22
rais,13,0
tax,13,4
exempt,11,0
invest,16,1
realloc,4,0
program,24,117
mentor,15,0
support,44,9
build,20,14
human,15,3
conceptu,10,0
shift,11,5
cross,17,0
distribut,10,3
inspect,6,0
vs,5,0
facilit,11,0
elect,9,0
special,20,51
research,18,3
data,44,5
driven,14,0
polici,65,6
context,2,0
overal,6,1
major,12,1
characterist,3,2
signific,16,7
problem,6,24
surround,3,0
ve,39,0
object,21,19
goal,9,0
from,13,1
perspect,15,2
institut,29,167
vet,13,0
legal,7,7
financi,13,10
infrastructur,8,1
b,41,10
matric,9,0
includ,17,9
key,15,0
beneficiari,7,0
indic,23,0
timelin,11,5
matrix,19,0
c,40,8
implement,33,48
d,31,10
summari,7,0
estim,17,0
e,57,12
input,21,0
efa,1,0
fti,1,0
all,7,0
fast,1,1
track,3,0
initi,10,1
emi,30,0
eu,9,0
european,4,3
union,4,2
gdp,3,6
gross,2,0
domest,3,0
product,6,1
ingo,4,0
organ,8,42
isc,4,1
standard,19,8
classif,2,1
lsms,2,0
live,3,5
measur,4,4
survey,2,4
modlg,1,0
ncea,14,0
evalu,13,7
assess,9,8
nes,5,0
nssed,3,0
socio,4,0
econom,17,14
ngo,4,0
oecd,6,0
co,3,0
oper,15,19
papd,8,0
pbm,19,0
perform,27,12
ncvet,1,0
council,2,8
navet,1,0
agenc,14,5
wb,5,0
world,7,1
bank,5,0
current,32,17
version,1,0
owe,2,0
great,1,0
deal,3,1
reli,2,0
heavili,1,0
document,6,3
alreadi,4,2
formal,11,1
approv,30,41
albanian,5,0
june,1,2
chang,30,7
compar,6,15
previous,5,0
consist,3,1
larg,5,0
new,86,45
chapter,1,0
insert,1,0
elabor,1,71
upon,6,1
there,14,10
devot,1,0
consider,12,2
those,1,0
sentenc,1,0
make,17,14
close,8,2
deliber,1,0
refer,8,0
particular,10,9
viewpoint,2,0
expressli,1,0
state,8,159
fruit,1,0
arriv,1,0
effort,3,3
span,1,0
sever,7,8
year,23,56
made,18,2
specialist,2,9
foreign,9,4
counterpart,1,0
it,23,2
common,4,0
ground,1,0
work,29,7
high,16,6
stake,1,0
thus,4,5
show,1,0
deep,4,0
heartfelt,1,0
appreci,7,0
engag,17,0
endeavor,1,0
gratitud,1,0
extend,1,0
prestigi,1,0
irreplac,1,0
assist,12,4
render,3,0
their,1,0
underway,2,0
also,24,9
stage,2,1
elev,2,0
platform,2,0
within,14,19
stakehold,20,0
invit,1,0
invalu,1,0
contribut,13,3
crown,1,0
one,18,17
serious,2,1
attempt,1,0
intens,11,0
audienc,1,0
establish,42,32
dialogu,5,0
nurtur,1,0
good,4,0
understand,4,1
faith,1,0
among,8,12
various,18,7
actor,2,0
intend,3,0
guarante,1,8
modern,3,15
promot,7,10
instig,1,0
sustain,4,0
growth,3,3
economi,5,8
consolid,6,0
democraci,1,1
well,21,13
success,8,0
competit,5,11
countri,24,11
region,60,6
beyond,5,0
maintain,5,1
togeth,2,1
plenti,1,0
broad,1,0
consult,5,0
manger,1,0
parent,18,11
pupil,26,25
ngos,5,5
brow,1,0
peopl,55,3
etc,16,14
draft,12,10
two,7,8
identifi,12,1
area,18,11
need,86,26
address,5,2
outlin,1,0
strength,2,0
weak,2,0
possibl,9,2
action,5,5
enhanc,7,0
elimin,3,1
these,10,0
discuss,7,1
guid,11,2
best,7,3
principl,4,26
practic,16,9
exemplifi,2,0
four,2,0
focus,8,7
operation,1,0
specifi,2,0
associ,18,0
risk,11,0
assumpt,12,0
general,21,8
form,8,3
extract,1,0
narrat,3,0
descript,8,4
respect,9,10
henc,5,0
summar,1,2
separ,12,1
map,13,5
provid,37,51
sequenc,3,0
activ,55,30
note,16,0
section,9,0
along,5,0
dealt,3,0
present,8,2
unit,15,1
aggreg,3,0
rang,8,0
sourc,6,3
project,19,6
calcul,3,1
macro,2,0
level,111,79
taken,2,0
treat,3,0
detail,17,0
micro,2,0
procedur,24,1
relat,14,13
set,12,7
complement,4,0
model,35,0
bring,14,2
decreas,2,14
effect,9,1
administr,4,6
while,6,0
restructur,6,4
progress,5,7
rate,7,3
respons,32,4
decis,5,10
author,13,4
satisfactori,1,3
case,5,2
done,8,0
thank,1,1
worth,2,0
step,3,2
second,4,10
depart,13,4
red,1,0
eo,2,0
yet,7,3
subsequ,4,0
challeng,3,0
rise,2,0
concern,3,1
function,31,8
greater,2,0
clariti,1,0
job,8,1
role,33,1
defin,7,1
individu,6,12
task,15,0
ensur,19,0
mainten,15,8
minimum,17,0
appeal,2,0
provis,3,52
equiti,7,0
fair,2,0
multipl,3,0
point,4,5
audit,5,0
short,4,2
term,10,10
clear,16,2
flow,1,0
affili,3,0
center,9,9
commune,16,0
encourag,16,0
self,9,11
innov,9,3
expans,3,21
particip,9,4
hold,2,0
at,5,2
held,3,0
tremend,1,0
accord,4,9
line,11,13
devolv,3,0
achiev,18,5
mean,11,3
government,2,2
right,2,12
proper,2,1
care,4,5
meticul,1,0
balanc,2,1
struck,1,0
accompani,4,0
awar,5,0
chanc,2,0
under,6,2
requir,7,24
take,13,0
deliv,5,0
organiz,5,3
personnel,8,9
limit,7,2
communiti,12,10
littl,4,1
claim,2,0
ownership,7,0
realize,2,2
involv,16,26
legisl,15,14
allow,15,1
director,26,1
destin,2,0
ingredi,1,0
favor,5,1
move,5,1
across,3,0
three,3,11
acknowledg,2,0
vari,3,1
continu,13,5
next,3,0
ten,2,1
har,1,0
cluster,6,0
small,5,1
toward,11,7
pilot,27,13
experi,5,0
may,27,7
serv,2,1
have,1,0
inadequ,3,1
obstacl,2,0
hinder,1,3
with,6,0
act,8,16
analysi,12,8
conjunct,2,0
instat,2,0
type,9,6
collect,16,9
place,10,1
get,3,5
onto,2,0
comput,6,7
rather,8,0
tool,3,1
analyt,2,0
investig,1,0
empow,6,0
differ,10,7
disaggreg,5,0
social,12,42
minor,1,0
group,5,17
rural,3,8
urban,1,1
district,3,0
municip,2,0
robust,1,0
order,23,9
boo,1,0
direct,14,11
repres,2,1
uniqu,1,1
regard,8,0
nomenclatur,2,0
extent,4,0
rest,1,0
receiv,1,2
bless,1,0
consent,1,0
highest,1,0
reliabl,3,1
complet,11,7
fulli,6,0
confirm,2,0
cooper,3,3
retain,2,0
consid,19,1
properti,1,1
fundament,2,0
philosoph,1,0
qa,13,0
extern,8,1
element,1,0
immedi,2,0
feedback,3,0
format,2,19
outcom,7,1
power,3,0
util,1,11
to,13,3
period,7,5
comparison,2,2
planner,5,0
dual,2,0
mechan,14,13
built,2,0
pathway,2,0
creat,4,1
undertak,10,1
if,2,5
fail,1,0
whole,4,1
team,4,1
exampl,10,0
could,9,1
deleg,1,0
disband,1,0
board,8,7
inspector,12,0
affect,2,0
polit,1,7
market,13,15
democrat,4,5
civil,7,3
societi,5,8
instal,1,0
envisag,2,0
long,7,2
boost,2,0
reduc,9,0
poverti,1,2
fulfil,3,0
lofti,1,0
turn,8,4
back,2,1
carri,6,6
forward,1,2
laid,1,0
last,4,5
review,32,1
sinc,6,4
averag,3,8
citizen,2,16
primari,10,0
basic,14,13
secondari,28,86
grade,31,8
free,5,12
compulsori,7,0
occur,3,0
adopt,26,9
balkan,1,0
earli,1,0
concentr,2,0
literaci,1,0
numeraci,2,0
civic,2,0
healthi,1,0
skill,14,5
basi,12,19
knowledg,13,18
necessari,17,6
everyday,2,0
life,6,3
lead,5,0
academ,1,0
profess,8,15
becom,3,4
member,1,3
leav,2,1
began,1,0
curricula,11,15
still,7,10
amount,4,1
accomplish,2,2
depend,2,1
ic,4,0
ctce,1,0
nece,1,0
written,4,0
cog,1,0
singl,5,0
wheel,1,0
circumst,2,0
asid,2,0
see,3,0
output,1,0
final,3,2
urgent,8,4
full,11,17
time,22,6
ongo,8,1
know,1,0
ledg,1,0
attribut,2,0
children,7,39
isol,1,0
approach,13,0
expert,18,1
explor,4,0
option,8,0
meet,3,5
reason,6,3
drop,1,2
lack,25,16
interest,8,3
light,4,0
align,9,0
emerg,2,2
aspir,4,4
authent,1,0
reflect,8,2
relev,8,0
number,51,30
impact,5,1
workload,4,2
guidelin,23,6
quantiti,2,0
synthes,1,0
lower,4,0
upper,1,0
dictat,1,1
frame,2,0
aris,2,0
age,1,8
closer,4,0
concept,6,5
eventu,1,0
gradual,5,6
rapid,2,0
inner,1,0
ever,3,0
grow,1,3
join,1,0
fore,1,0
flexibl,9,0
custom,3,0
run,4,0
tradit,3,1
appropri,8,0
priorit,3,1
specif,12,2
applic,2,1
permiss,3,0
open,3,2
own,2,0
herald,1,0
steadi,1,3
moder,3,0
pace,2,4
mind,2,0
date,3,0
encompass,1,0
print,6,1
dissemin,1,2
construct,2,3
rehabilit,7,5
facil,8,4
undergon,1,0
attend,9,1
substanti,2,0
necessarili,3,0
happen,5,0
offer,16,6
contain,3,0
packag,1,0
apart,3,0
confin,1,0
informat,1,0
languag,3,2
earlier,1,0
anoth,3,0
addit,8,8
complementari,1,0
deem,3,0
counterbal,1,0
low,8,7
prevail,1,1
realiti,2,0
tip,1,0
per,18,16
class,5,6
didact,3,2
rich,1,0
equip,19,12
laboratori,1,7
qualifi,4,3
recruit,1,0
nonetheless,1,0
offici,1,7
studi,13,18
howev,8,7
like,2,1
compromis,2,0
busi,6,1
tendenc,2,2
encroach,2,0
exacerb,1,0
tight,1,0
big,1,1
town,1,0
wit,2,0
sundri,1,0
degre,5,13
access,12,9
come,6,3
on,4,0
hand,1,0
extraordinarili,1,0
hefti,1,0
price,1,0
charg,2,0
transform,3,0
privileg,1,5
elit,1,0
main,4,22
wealthi,1,0
scope,1,1
wide,2,0
mani,11,2
alon,2,0
ought,2,0
size,3,0
ad,2,0
kind,2,0
expand,3,0
behind,1,0
tie,2,0
despit,3,0
far,4,0
aggress,1,0
drive,2,0
draw,2,0
bad,1,0
realiz,2,0
call,2,1
leap,1,0
essenc,1,0
eas,1,0
fiscal,1,0
commit,6,0
cover,4,3
pursu,1,0
especi,3,0
post,4,15
fit,2,1
labor,7,9
higher,7,70
pressur,2,0
sure,2,0
appear,2,0
exist,7,11
hoc,1,0
press,1,0
less,1,2
disadvantag,2,0
normal,1,0
crowd,1,0
counsel,3,0
administ,3,0
benefit,6,0
alik,3,0
aspect,6,2
combin,3,0
supervis,2,2
adequ,3,5
prerequisit,2,0
much,4,0
sought,1,0
safeguard,1,0
systemat,3,0
around,9,0
ani,3,0
pose,2,0
unfair,1,0
expens,1,6
latter,1,0
avoid,2,0
kept,2,0
refin,1,0
opinion,1,0
transit,5,4
character,1,1
mark,4,1
alway,1,1
independ,3,2
conduct,12,2
uncoordin,1,1
manner,5,1
oversea,1,0
sporad,2,0
coher,2,0
result,3,7
poor,3,3
untrain,2,0
thorough,3,0
method,4,4
qualif,21,29
ectq,3,0
thing,2,0
trigger,1,0
necessit,1,0
modul,1,0
apprais,7,0
staff,32,17
sound,1,0
list,5,17
compet,21,0
bologna,1,0
convent,1,0
further,4,3
attract,5,0
simpli,1,0
length,1,0
some,3,0
match,5,5
salari,3,3
servant,4,0
mix,3,0
abil,4,3
classroom,6,5
certain,3,13
hybrid,2,0
frontal,1,0
distanc,3,8
accredit,11,3
disput,1,0
resolut,1,1
expect,5,0
perhap,1,0
critic,5,1
confront,1,0
due,6,2
upgrad,3,0
other,7,0
strateg,1,2
such,4,0
exposur,1,0
mode,2,0
restrict,1,0
bodi,2,8
credit,4,1
way,4,2
compens,1,0
tend,2,1
prop,1,0
inher,1,0
look,2,0
as,7,1
crucial,1,0
book,13,0
revis,4,10
professor,1,10
tactic,1,0
generat,3,1
real,3,3
situat,5,13
they,3,0
creativ,1,3
think,3,0
potenti,2,2
pedagog,3,45
determin,5,0
databas,3,1
titl,1,1
oppos,2,0
extra,3,0
unnecessarili,1,0
text,5,0
import,6,5
appli,1,1
publish,8,1
hous,3,1
varieti,2,2
closest,1,0
contact,1,0
recommend,2,1
begun,1,0
entir,1,2
suitabl,1,0
agent,1,0
fortun,1,0
impos,3,4
huge,3,0
introduc,5,6
larger,2,0
ict,2,0
redress,1,0
deficit,1,0
start,2,10
librari,7,7
internet,4,5
newli,2,1
ctd,2,0
constant,5,0
cd,5,0
rom,2,0
hard,1,0
copi,3,0
materi,5,12
enjoy,3,2
would,4,0
capabl,3,0
seem,2,0
statist,1,5
rigor,6,0
want,1,0
enabl,1,0
neighbor,3,0
given,8,2
equit,2,0
rank,2,0
confid,3,0
assign,2,1
secur,1,1
unauthor,1,0
disclosur,1,0
remov,1,0
cheat,1,0
undu,1,0
influenc,1,1
paper,4,0
random,1,0
code,1,2
recogn,2,0
label,1,0
conflict,2,2
end,7,4
entri,4,0
propos,13,1
consequ,1,3
matura,10,0
decid,3,0
prefer,1,1
cut,1,1
off,1,1
percentag,11,0
total,14,10
cultur,9,5
deterior,1,0
standstil,1,0
launch,1,0
late,1,0
nineti,1,0
capit,3,4
damag,1,0
premis,1,0
crisi,1,0
whatev,1,0
first,5,14
categori,6,0
migrat,3,0
overcom,1,0
similar,5,0
capita,7,0
link,4,2
actual,9,4
money,2,0
predetermin,1,0
pragmat,1,0
archaic,1,0
day,10,4
precondit,1,0
unclear,1,1
spent,1,0
avail,8,2
disburs,3,0
undermin,1,0
scholarship,1,0
transport,2,1
scale,3,0
advantag,2,0
scholar,1,0
ship,1,0
control,5,7
save,1,0
irrespect,1,0
divis,1,1
abl,2,0
variabl,1,0
item,8,6
go,4,4
confus,1,0
hover,2,0
least,2,3
seven,1,0
figur,8,0
presenc,1,0
complianc,2,10
but,1,0
help,3,0
pitfal,1,0
record,2,0
pool,2,0
moni,1,0
sum,5,0
overhaul,1,0
incom,2,0
foster,1,0
view,5,4
permit,1,0
employe,4,4
hour,2,0
shrink,1,0
recent,4,2
benevol,1,0
everi,5,9
lek,1,0
purchas,1,0
complex,2,7
deter,2,0
seek,2,0
simplifi,1,0
regul,3,15
top,3,3
agre,14,0
user,2,0
pay,2,0
offset,1,0
freed,1,0
redirect,1,0
check,1,0
partnership,2,0
ip,2,0
feel,1,0
comfort,1,0
core,2,0
often,3,0
multi,5,4
quit,2,0
alien,1,0
histori,1,2
communist,1,0
ideolog,2,5
relationship,2,2
undergo,1,2
theme,1,0
underpin,3,0
futur,1,0
attitud,2,0
satisfact,1,0
met,1,1
essenti,2,0
natur,5,3
seen,2,0
sponsor,1,2
target,4,2
food,1,0
famili,1,4
subsidi,3,0
maxim,1,0
accur,4,0
uneconom,1,0
unsustain,1,0
deliveri,1,0
densiti,1,3
popul,1,7
tri,4,0
by,1,3
differenti,1,2
redistribut,4,1
caus,3,8
equal,3,5
unviabl,1,0
kilomet,1,0
boundari,2,0
insignific,1,1
punit,1,0
will,5,0
failur,2,0
proactiv,1,0
guidanc,2,0
trust,6,0
enough,2,2
honest,2,0
otherwis,1,1
inaccur,1,0
valu,2,3
paid,2,8
attent,1,0
status,2,2
unlik,1,0
hrs,2,0
week,47,1
justifi,2,1
insist,1,0
suggest,2,0
reduct,2,2
ratio,1,9
trial,3,0
foundat,1,1
literari,1,0
engin,1,0
medic,1,1
multimedia,1,0
replac,1,2
outdat,1,1
comprehens,7,7
implic,2,0
face,1,1
opposit,2,0
literatur,1,8
illustr,1,0
obtain,6,0
worthwhil,2,0
where,1,0
either,3,0
commiss,2,1
modifi,1,0
an,2,0
pictur,1,0
background,1,3
occupi,1,0
conspicu,1,0
fact,2,1
aim,1,7
acquisit,1,0
combat,1,0
exclus,1,0
youth,1,3
creation,1,1
opportun,6,2
typic,1,5
indispens,1,0
intent,2,0
profil,10,7
craft,2,1
equival,3,0
award,2,0
certif,8,4
smooth,1,0
upward,1,0
releas,1,0
testifi,1,0
enrol,3,29
branch,1,0
technic,12,12
manageri,3,1
steer,1,0
specialti,1,2
attest,1,12
pure,2,0
spread,2,0
locat,2,7
apprentic,2,0
out,1,1
easi,1,0
notic,1,0
orient,5,3
agricultur,1,0
agribusi,1,0
art,1,1
sport,1,0
what,1,0
even,1,4
western,1,0
intervent,4,0
undertaken,4,0
donor,3,1
noteworthi,1,0
posit,2,1
renew,2,0
reput,2,0
fall,2,0
play,1,0
today,2,1
exhibit,1,1
follow,7,8
theoret,3,0
prepar,9,20
space,3,1
enterpris,1,4
belong,1,0
theori,2,1
practicum,4,0
admiss,3,5
almost,1,6
graduat,1,25
outnumb,1,0
enter,1,0
straight,1,0
earmark,1,1
revenu,1,1
law,2,39
drawn,2,0
moment,2,0
career,2,0
instructor,4,0
errat,1,0
former,1,0
true,1,0
headmast,1,0
manor,1,0
inconsider,1,0
discrep,1,1
piec,1,0
forc,2,3
march,1,2
connect,2,7
partner,5,1
slow,1,4
inact,1,0
spite,1,0
modular,2,0
away,1,0
realti,1,0
shortag,1,1
remain,1,1
trend,2,0
negat,1,1
aid,2,0
decad,1,1
respond,1,0
adapt,3,0
uncertainti,1,0
radic,1,1
vision,1,0
behavior,1,0
parti,2,0
bigger,2,0
ex,2,0
tertiari,1,0
reaction,1,0
accumul,2,1
recognit,2,4
gain,1,2
snug,1,0
accept,4,0
speak,1,0
fine,1,1
tune,1,0
prime,1,0
featur,1,0
advanc,1,0
mobil,1,0
nfvq,5,0
criteria,2,22
test,3,3
adjust,1,7
most,1,0
worker,3,2
diploma,2,2
cycl,2,0
quantit,4,0
doubl,2,0
though,1,5
institution,3,0
tier,1,0
occup,2,0
earn,1,0
methodolog,2,15
compil,1,0
facet,1,0
person,1,2
incur,1,0
committe,2,0
secretariat,3,0
manual,3,2
updat,1,9
databank,1,0
pedagogi,1,0
psycholog,1,4
supplement,1,0
normat,1,19
ordin,1,0
vital,1,0
compon,1,2
environ,3,1
qualit,2,0
redesign,3,0
cours,2,21
workshop,29,1
optim,1,8
drastic,1,0
reorgan,1,0
stand,1,0
edit,1,0
roof,1,1
mutual,2,3
attende,1,0
stem,1,0
eye,1,0
concret,1,0
realist,1,0
deadlin,1,0
found,1,0
keep,1,1
hamper,1,0
reach,2,0
ambigu,1,0
delay,4,2
appoint,4,4
al,3,0
ntr,1,0
ce,2,0
through,2,0
g,11,3
resolv,1,1
n,27,3
mi,2,0
refor,1,0
r,7,5
equir,1,0
reluct,8,0
cabinet,1,0
not,6,0
suffici,4,1
lga,6,0
dcm,1,0
complementar,1,0
ati,2,0
aliz,1,0
entr,1,0
dec,1,0
wdeitphainr,1,0
tamnedn,1,0
tasc,1,0
ross,1,0
readi,1,0
pta,7,0
autonom,6,0
submit,1,0
entiti,1,5
alloc,3,23
leader,1,0
ut,1,0
hool,1,0
bate,1,0
anlcl,1,0
hlemvaerlsk,1,0
king,1,0
sc,1,0
infra,1,0
syst,1,0
pr,4,0
oevxidteendt,1,0
toof,1,0
tthraei,1,0
ning,1,0
nt,7,0
inf,1,0
rreesppoortninsgib,1,0
pler,1,0
odceepdaurrtems,1,0
anntsd,1,0
m,3,2
cati,1,0
edu,1,0
fear,1,0
retribut,1,0
evid,1,0
nc,1,0
ur,1,0
supervisor,4,0
bench,1,0
hod,2,0
ualiti,1,0
pmeinrfiosrtrmieasn,1,0
acn,1,0
w,1,0
ith,1,0
tqhae,2,0
nbeyw,2,0
s,4,1
q,1,0
orti,2,0
rep,1,0
ncf,7,0
debat,5,0
cdc,1,0
syllabi,9,0
stay,1,1
familiar,1,0
govt,2,0
tension,1,0
ent,1,0
vdiseivnegl,1,0
spu,1,0
nbejewc,1,0
ts,1,0
cyollnatbei,1,0
nbti,1,0
nd,3,1
secdhuocoalt,1,0
idoinr,1,0
ctor,1,0
daepvperolovpeedd,1,0
tsruabdjieticotn,1,0
bael,1,0
ing,1,0
p,8,3
el,2,0
v,4,1
de,2,0
disengag,1,0
u,4,1
curricul,1,0
eedduuccaattiioonn,1,0
ipnatoth,1,0
vwoacya,1,0
tional,1,0
iinn,1,0
ncouvraritciounlusm,1,0
mplement,1,0
willing,1,0
ta,7,0
latest,1,0
month,2,2
plus,2,0
remuner,2,0
er,2,0
ach,2,0
te,2,0
discard,1,0
compani,3,0
batch,1,0
elo,1,0
stop,1,0
annual,1,8
ev,1,0
k,1,0
resist,2,0
negoti,7,0
extb,1,0
t,6,5
inabl,4,0
urc,1,0
circul,1,0
hi,1,0
ac,2,0
alternati,1,0
uresse,1,0
oafr,1,0
cinht,1,0
etornoel,1,0
da,1,0
epvperolovpeedd,1,0
cinnootmet,1,0
rbpnuuedtteg,1,0
sresyt,1,0
seatden,1,0
md,1,0
esourc,1,0
exam,16,0
agreement,5,3
trustworthi,1,0
ori,1,0
nit,1,0
defens,1,0
entranc,1,2
atio,4,0
mof,11,0
lg,32,0
disclos,1,0
ersit,1,0
ni,1,0
sectori,3,0
thudget,1,0
faunndd,1,0
binyg,1,0
cino,1,0
nthdeiti,1,0
obnloacl,1,0
ka,1,0
gnrda,1,0
perman,1,0
pbreotwceedeunr,1,0
em,1,0
sitioon,1,0
buncondit,1,0
poati,1,0
muc,1,0
readili,1,0
breakdown,1,0
mo,1,0
del,1,0
consensus,1,0
regular,2,5
auditor,1,0
spend,1,0
unfavor,1,0
disagr,1,0
comprehensiv,1,0
ds,1,0
f,2,6
et,1,1
sfer,1,0
tr,1,0
um,2,0
nstr,1,0
i,1,4
interdepart,1,0
parliament,1,0
amend,1,8
ect,1,0
rain,1,0
su,2,0
unabl,2,0
cy,1,0
ci,1,0
effi,1,0
si,2,0
increa,1,0
pfuunbdlisc,1,0
scrutini,1,0
round,1,0
gr,1,0
st,1,1
inv,1,0
binansoevda,1,0
tion,1,0
mente,2,0
entori,1,0
cmluosetesr,1,0
srcehgoioonlsa,1,0
onfdfi,1,0
cfoer,1,0
etheetin,1,0
agb,1,0
foovr,1,0
iimntpelrefemrienngt,1,0
awtiiothn,1,0
ministeri,1,0
advisori,3,0
unwil,1,0
ervi,1,0
forum,5,0
ct,1,0
oss,1,0
cr,2,0
conscious,1,0
adjac,1,0
provision,1,0
ol,1,0
ch,1,0
ride,1,0
zi,1,0
nali,1,0
reprimand,1,0
cilit,1,0
honesti,1,0
ecti,1,0
indirect,1,0
insp,1,0
ting,1,0
conclud,1,0
without,1,2
h,2,2
correspond,2,1
divers,1,0
ali,1,0
es,1,0
reconceptualis,1,0
reconstitut,2,0
old,1,4
cti,1,0
elat,1,0
nanudm,1,0
cboenr,1,0
soef,1,0
qsuuebnjetlcyt,1,0
sp,1,0
uecniiavleizrastitioy,1,0
urantdioenrastlea,1,0
nfodrin,1,0
tgh,1,0
eth,1,0
efodr,1,0
bbay,1,0
curriculspecializntceluaxmstbsboreoorok,1,0
omsf,1,0
sat,1,0
ennadec,1,0
ehdeerd,1,0
hang,1,0
esedc,1,0
aonndd,1,0
empir,1,0
oli,1,0
driv,1,0
moess,1,0
ameadopt,1,0
researcdevelop,1,0
itshneegc,1,0
teoodr,1,0
uw,1,0
coartkioinng,1,0
sm,1,0
ricsh,1,0
iobni,1,0
approxim,2,0
must,3,0
schedul,2,0
assum,2,0
begin,2,1
push,1,0
procur,4,0
pri,1,0
sec,6,0
pd,2,0
writer,2,0
alter,2,0
sch,3,0
ncae,4,0
half,2,2
uncondit,2,0
refurbish,4,4
professionalis,3,0
fulltim,2,0
diversifi,2,0
prof,2,0
idea,2,0
crude,1,0
cautious,1,0
fta,2,0
usd,10,0
travel,3,0
accommod,3,0
perdiem,3,0
fee,2,5
lump,2,0
payment,1,7
room,1,0
hire,1,0
rental,1,3
incident,1,0
factor,1,6
neither,1,0
inflationari,1,0
variat,1,2
fluctuat,1,0
head,2,5
column,1,0
overlap,1,0
shade,3,0
seminar,3,0
appendix,1,0
lot,1,0
how,1,0
profici,1,0
daili,1,0
difficult,1,1
precis,1,0
nevertheless,1,0
believ,1,0
row,1,0
describ,1,1
buy,1,0
shown,1,0
ask,1,0
overload,2,1
tor,1,0
put,1,1
x,3,0
alb,1,0
finish,1,0
approx,3,0
therefor,1,5
absenc,1,0
caution,1,0
mths,83,0
wshop,1,0
wkshop,40,0
decentralis,3,0
mth,15,0
resour,2,0
responsibl,1,0
cdu,7,0
syll,2,0
comp,1,0
tda,1,0
texbook,1,0
privatis,2,0
wkshps,1,0
compul,1,0
wks,9,0
prioritis,1,0
constr,1,0
pend,1,1
wk,3,0
reg,1,0
rationalis,3,0
eduact,1,0
media,1,0
broadcast,1,4
specialis,1,0
teac,1,0
direc,1,0
stat,1,0
softwar,1,0
armenia,0,70
o,0,7
l,0,2
yerevan,0,4
articl,0,5
roa,0,48
doc,0,46
overview,0,4
field,0,84
brief,0,2
ii,0,2
attach,0,8
centuri,0,3
armenian,0,11
stronghold,0,1
surviv,0,1
soviet,0,3
popular,0,3
arena,0,1
nowaday,0,1
cid,0,72
subordin,0,3
net,0,5
budgetari,0,21
unifi,0,11
crech,0,2
nurseri,0,2
kindergarten,0,6
joint,0,6
department,0,1
wherea,0,3
durat,0,4
elementari,0,6
middl,0,5
constitut,0,10
eight,0,1
colleg,0,2
besid,0,2
licens,0,4
depriv,0,2
vulner,0,5
talent,0,1
night,0,1
athlet,0,2
esthet,0,2
preliminari,0,5
sts,0,1
stss,0,4
mid,0,42
mlpei,0,6
daytim,0,1
chosen,0,1
junior,0,1
subsidiari,0,1
bachelor,0,2
magistr,0,3
unpaid,0,1
studentship,0,3
aspirantura,0,3
doctor,0,3
ph,0,7
ma,0,8
tutor,0,2
pedagogu,0,32
exceed,0,4
cadr,0,14
disproport,0,6
staf,0,3
incomplet,0,4
got,0,1
women,0,4
men,0,1
lectur,0,10
docent,0,1
scientif,0,28
steadili,0,1
thousand,0,2
dram,0,4
mention,0,4
septemb,0,6
wage,0,3
assembl,0,1
april,0,2
statement,0,1
definit,0,10
channel,0,2
exemplari,0,10
charter,0,9
temporarili,0,2
partial,0,2
suspend,0,4
decre,0,5
no,0,6
find,0,1
revolv,0,2
coupl,0,1
magazin,0,1
bnaget,0,1
naturalist,0,1
mathemat,0,2
russian,0,1
resum,0,1
marz,0,9
attain,0,2
professssion,0,1
ba,0,3
humanitar,0,8
ficat,0,2
theolog,0,1
obligatori,0,2
declin,0,9
soar,0,1
difficulti,0,3
insuffici,0,4
crise,0,1
suffer,0,5
sharp,0,2
moreov,0,1
regist,0,1
tough,0,2
debt,0,1
accrual,0,1
shadow,0,1
charact,0,2
bear,0,2
norm,0,4
reveal,0,1
preschool,0,10
imperfect,0,6
when,0,1
contradict,0,2
statehood,0,3
enforc,0,2
protect,0,5
clarif,0,2
acut,0,4
solut,0,4
delin,0,3
unsolicit,0,1
execut,0,1
contest,0,4
uncompetit,0,1
collaps,0,1
gradat,0,2
technolog,0,4
possess,0,1
threshold,0,1
intensif,0,1
harmon,0,3
dispers,0,1
wold,0,1
meanwhil,0,1
benefici,0,1
unequ,0,1
entitl,0,2
stipul,0,1
inaccess,0,1
insolv,0,1
demograph,0,2
movement,0,1
return,0,1
barrier,0,1
physiolog,0,3
understaf,0,1
elder,0,1
pension,0,1
gender,0,1
inequ,0,1
femin,0,1
obvious,0,1
fledg,0,1
contrari,0,1
male,0,2
outflow,0,2
becaus,0,2
brain,0,1
drain,0,1
wors,0,1
guaranti,0,1
resid,0,1
vacanc,0,1
never,0,1
diaspora,0,14
sphere,0,2
clarifi,0,1
unsatisfactori,0,2
gap,0,1
ignor,0,1
conform,0,1
neglig,0,1
prospect,0,3
anthropolog,0,1
phenomena,0,1
unemploy,0,2
violenc,0,1
sociolog,0,1
quick,0,1
vast,0,1
architect,0,1
methodologist,0,1
upbring,0,23
chain,0,1
propaganda,0,1
left,0,1
vacant,0,1
fix,0,3
weaken,0,1
lesson,0,1
broken,0,1
sect,0,1
penetr,0,1
absolut,0,2
dissolut,0,1
unif,0,4
destroy,0,3
someth,0,1
street,0,1
brake,0,2
socioeconom,0,2
past,0,1
earthquak,0,1
war,0,1
disast,0,2
zone,0,4
domik,0,2
renov,0,4
bathroom,0,1
heat,0,5
solv,0,1
somehow,0,1
stove,0,1
oil,0,1
heater,0,1
electr,0,1
devic,0,3
destruct,0,1
break,0,1
rhythm,0,1
healthcar,0,1
sanitari,0,2
hygien,0,2
safeti,0,2
furnitur,0,5
strict,0,2
volum,0,2
translat,0,1
worn,0,1
electron,0,2
ineffici,0,2
proceed,0,1
predict,0,1
minim,0,1
fill,0,2
dens,0,2
load,0,4
narrowli,0,1
duplic,0,2
peculiar,0,3
mismatch,0,1
arrang,0,4
necess,0,2
file,0,1
global,0,2
extrem,0,1
spiritu,0,4
ecolog,0,2
side,0,2
impair,0,1
liber,0,2
each,0,1
patriot,0,4
motiv,0,1
contextu,0,1
stabl,0,2
societ,0,1
interact,0,1
distinct,0,1
mental,0,1
phase,0,5
prevent,0,1
third,0,11
scenic,0,1
proport,0,2
formula,0,3
contractu,0,1
reimburs,0,2
loan,0,3
dismiss,0,3
rector,0,1
faculti,0,6
sampl,0,1
membership,0,1
computer,0,4
distant,0,1
reinforc,0,1
outreach,0,2
tuition,0,2
discount,0,2
tv,0,5
radio,0,5
charit,0,5
younger,0,1
identif,0,8
reproduct,0,2
tariff,0,5
restor,0,5
enrich,0,1
militari,0,6
rearrang,0,1
extens,0,1
health,0,4
catalogu,0,2
inventori,0,1
repair,0,1
resumpt,0,1
unutil,0,1
studio,0,1
accessori,0,1
nutrit,0,2
leisur,0,3
reloc,0,4
settlement,0,3
tripl,0,1
craftsmanship,0,2
toolkit,0,1
readjust,0,1
handicraft,0,2
industri,0,2
studdent,0,1
gurannte,0,1
enjoyo,0,1
educa,0,1
compatit,0,1
childreen,0,1
victim,0,1
handicap,0,1
aa,0,1
display,0,1
gurante,0,1
educcaaaion,0,1
tailor,0,1
hostel,0,1
dormitori,0,1
museum,0,1
physic,0,3
deviat,0,1
reward,0,1
interrel,0,1
legitim,0,1
communal,0,1
verifi,0,1
thee,0,1
prohibit,0,1
januari,0,5
stipend,0,1
fold,0,1
impelemn,0,1
quarter,0,36
mandatori,0,2
januray,0,1
fourth,0,12
eductaion,0,4
definidt,0,1
instituion,0,3
instituit,0,2
tutitiinn,0,1
heigher,0,1
uitlize,0,1
noramt,0,5
elaboart,0,1
makinf,0,1
quaretr,0,1
puablic,0,1
yaer,0,1
senior,0,4
memeb,0,1
intoductaion,0,1
netwok,0,1
mpp,0,2
republican,0,6
mpps,0,1
screen,0,1
mis,0,1
re,0,5
alumni,0,1
august,0,5
sign,0,4
memorandum,0,1
cis,0,2
unesco,0,1
undp,0,1
unevoc,0,1
cedefop,0,1
bibb,0,1
involvemnet,0,1
tempus,0,1
inco,0,1
copernicus,0,1
inta,0,1
submiss,0,1
tour,0,1
trip,0,1
inter,0,3
eurostat,0,1
critertia,0,1
guidebook,0,2
visit,0,1
disappear,0,1
sister,0,1
web,0,1
page,0,1
bilater,0,1
lori,0,1
confer,0,2
humanitarian,0,2
dedic,0,1
quota,0,3
postpon,0,1
physiologist,0,1
prior,0,1
economist,0,1
architectur,0,2
supplementari,0,1
remot,0,1
borderlin,0,1
annul,0,1
pupos,0,1
preper,0,1
arm,0,1
juli,0,1
antropolog,0,1
octob,0,2
armament,0,1
drill,0,1
schoolchildren,0,1
physicist,0,1
deputi,0,1
teenag,0,2
environment,0,1
festiv,0,1
event,0,1
bias,0,1
chemistri,0,1
biolog,0,1
blackboard,0,1
tabl,0,1
chair,0,1
modif,0,1
investor,0,1
subscript,0,1
passport,0,1
workforc,0,1
unnecessari,0,1
craftsmen,0,1
acad,0,2
letter,0,1
temporari,0,1
syunik,0,1
kapan,0,1
gori,0,1
contract,0,1
